{
    "min_percent": 0.007402386948486656,
    "max_percent": 97.55787308691,
    "stretch_mode": "Medium"
}